class,support,precision,recall,f1,n_misclassified
ABS,176,0.9080459770114943,0.8977272727272727,0.9028571428571428,18
PETG,132,0.8699186991869918,0.8106060606060606,0.8392156862745098,25
PLA,302,0.897196261682243,0.9536423841059603,0.9245585874799358,14
TPU,118,0.8909090909090909,0.8305084745762712,0.8596491228070176,20
