class,support,precision,recall,f1,n_misclassified
Resin-Eng,169,0.8866666666666667,0.7869822485207101,0.8338557993730408,36
Resin-Std,303,0.8881987577639752,0.9438943894389439,0.9152,17
