class,support,precision,recall,f1,n_misclassified
FDM,728,0.9090909090909091,0.9478021978021978,0.9280430396772025,38
SLA,472,0.9138321995464853,0.8538135593220338,0.882803943044907,69
